1,Giulia,Di Pietro,34.4,18.0,619.20
2,Rhodie,Semerad,39.9,18.0,718.20
3,Garrett,De Bernardis,30.6,18.0,550.80
4,Tallie,Westhoff,30.4,18.0,547.20
5,Jenn,Maior,30.5,18.0,549.00
6,Loraine,Lowther,35.1,18.0,631.80
7,Allene,Sadd,32.9,18.0,592.20
8,Jehanna,Garza,32.2,18.0,579.60
9,Alie,Merrell,37.2,18.0,669.60
10,Gertie,Raikes,32.5,18.0,585.00
11,Dorine,Ivasechko,38.7,18.0,696.60
12,Lucretia,Waliszewski,37.4,18.0,673.20
13,Alta,Bassill,27.9,18.0,502.20
14,Lottie,Ahearne,34.0,18.0,612.00
15,Maisey,Guilloux,29.0,18.0,522.00
16,Marcel,Capper,27.5,18.0,495.00
17,Nicolai,Twiddell,37.2,18.0,669.60
18,Clementia,Cote,35.4,18.0,637.20
19,Ari,Bordessa,31.8,18.0,572.40
20,Chevalier,Mundy,34.2,18.0,615.60
21,Cleo,Mc Pake,36.0,18.0,648.00
22,Hetty,Soda,27.8,18.0,500.40
23,Juan,Tye,35.9,18.0,646.20
24,Wilfred,Camber,37.3,18.0,671.40
25,Anselma,Leicester,32.3,18.0,581.40
26,Donnamarie,Senter,39.3,18.0,707.40
27,Mel,Meynell,30.4,18.0,547.20
28,Mayor,Joseland,30.5,18.0,549.00
29,Cash,Pigot,34.9,18.0,628.20
30,Elonore,Campbell,31.1,18.0,559.80
31,Retha,de la Valette Parisot,30.0,18.0,540.00
32,Goldia,Chalke,34.9,18.0,628.20
33,Kara,Stentiford,32.5,18.0,585.00
34,Corabel,Olyfant,30.1,18.0,541.80
35,Layton,Edwinson,31.6,18.0,568.80
36,Goraud,Kennedy,29.1,18.0,523.80
37,Stormy,Jeandon,36.5,18.0,657.00
38,Rolph,Galley,38.3,18.0,689.40
39,Des,Le Borgne,34.7,18.0,624.60
40,Townie,Ventura,28.4,18.0,511.20
41,Karlie,Beatty,39.7,18.0,714.60
42,Jordain,Vaun,33.2,18.0,597.60
43,Fleur,Turnock,28.1,18.0,505.80
44,Roi,McNea,36.4,18.0,655.20
45,Garik,Burdis,26.8,18.0,482.40
46,Tome,Castellone,36.8,18.0,662.40
47,Cori,Baynon,25.0,18.0,450.00
48,Phoebe,Bello,38.6,18.0,694.80
49,Cherey,Millberg,25.9,18.0,466.20
50,Isabeau,Grunnell,27.9,18.0,502.20
51,Clevie,Terne,38.8,18.0,698.40
52,Olav,Greenly,33.2,18.0,597.60
53,Dayna,Attride,36.4,18.0,655.20
54,Janos,Appleyard,39.2,18.0,705.60
55,Rancell,Stoyell,40.0,18.0,720.00
56,Heida,Gasnoll,26.9,18.0,484.20
57,Sula,Foulger,31.4,18.0,565.20
58,Charmine,Breit,26.9,18.0,484.20
59,Floris,Herity,26.2,18.0,471.60
60,Nedi,Keedwell,39.5,18.0,711.00
61,Corey,Cahey,32.9,18.0,592.20
62,Analise,Ikins,38.5,18.0,693.00
63,Meggy,Rowlstone,29.9,18.0,538.20
64,Freddy,Iacobassi,27.1,18.0,487.80
65,Kimble,Chaloner,35.5,18.0,639.00
66,Janessa,Feavearyear,27.1,18.0,487.80
67,Harris,Creyke,32.7,18.0,588.60
68,Ingmar,Perassi,35.5,18.0,639.00
69,Caressa,Burbudge,25.2,18.0,453.60
70,Leonanie,Jendrach,28.4,18.0,511.20
71,Kurtis,Bohey,29.7,18.0,534.60
72,Noah,Kahn,33.3,18.0,599.40
73,Verla,Duigan,29.9,18.0,538.20
74,Zelda,Perse,37.0,18.0,666.00
75,Shea,Hoodspeth,25.5,18.0,459.00
76,Brinna,Durek,30.2,18.0,543.60
77,Lin,Cassam,39.2,18.0,705.60
78,Rickie,Toward,39.9,18.0,718.20
79,Iseabal,Major,37.4,18.0,673.20
80,Christoforo,Tamas,32.5,18.0,585.00
81,Art,Mashro,36.4,18.0,655.20
82,Bobbie,Banat,25.5,18.0,459.00
83,Elwira,Figger,34.5,18.0,621.00
84,Dodi,Vardey,37.9,18.0,682.20
85,Mannie,Barns,28.8,18.0,518.40
86,Janaya,Dundridge,39.2,18.0,705.60
87,Joli,Duffell,38.9,18.0,700.20
88,Sven,Abramovitz,29.5,18.0,531.00
89,Avram,Kitley,38.1,18.0,685.80
90,Kerr,Farge,28.2,18.0,507.60
91,Aleta,Girardot,26.6,18.0,478.80
92,Halsey,Merida,27.4,18.0,493.20
93,Marena,Pinke,36.7,18.0,660.60
94,Rossie,Dinning,32.7,18.0,588.60
95,Lari,Cowins,25.2,18.0,453.60
96,Dulcine,Wauchope,28.9,18.0,520.20
97,Osbourn,Pillinger,29.8,18.0,536.40
98,Sondra,Ogles,36.2,18.0,651.60
99,Rhianon,Messer,30.0,18.0,540.00
100,Teresina,Gillford,27.1,18.0,487.80
101,Farrel,Feirn,35.8,18.0,644.40
102,Josepha,Stuckes,37.4,18.0,673.20
103,Gael,Chatwin,36.5,18.0,657.00
104,Bunny,Kettlesing,30.6,18.0,550.80
105,Salomon,Dionis,27.9,18.0,502.20
106,Brit,Bernini,29.0,18.0,522.00
107,Gustavo,Toal,30.1,18.0,541.80
108,Hilarius,Krier,36.9,18.0,664.20
109,Willabella,Devoy,31.5,18.0,567.00
110,Jennine,Marking,37.2,18.0,669.60
111,Hilton,Cawthery,27.2,18.0,489.60
112,Maggy,Thunnercliff,39.3,18.0,707.40
113,Katrina,Matyasik,31.4,18.0,565.20
114,Alyson,Briggdale,30.2,18.0,543.60
115,Cherie,Mousby,35.5,18.0,639.00
116,Sashenka,Dillestone,36.3,18.0,653.40
117,Gail,Hoys,31.6,18.0,568.80
118,Esra,Sarfass,32.5,18.0,585.00
119,Trudy,Jaeggi,29.2,18.0,525.60
120,Tobias,Galley,39.5,18.0,711.00
121,Foss,Adess,37.1,18.0,667.80
122,Dodie,Lohden,34.7,18.0,624.60
123,Jody,Chismon,30.7,18.0,552.60
124,Zelda,Waycott,31.3,18.0,563.40
125,Zorine,Fisby,39.1,18.0,703.80
126,Byrom,Ilson,38.9,18.0,700.20
127,Dal,Hamly,26.9,18.0,484.20
128,Roze,Lunge,33.2,18.0,597.60
129,Courtnay,Eborall,36.4,18.0,655.20
130,Malinda,Knoton,36.2,18.0,651.60
131,Vere,Baake,37.1,18.0,667.80
132,Laney,Ledram,39.2,18.0,705.60
133,Elora,Pesic,30.4,18.0,547.20
134,Ozzy,Stovell,26.5,18.0,477.00
135,Aristotle,Von Hindenburg,28.9,18.0,520.20
136,Farly,Hollyar,38.4,18.0,691.20
137,Hinda,Ephgrave,31.2,18.0,561.60
138,Viki,Izkoveski,33.3,18.0,599.40
139,Jesse,Barabich,37.6,18.0,676.80
140,Dniren,Medgwick,35.6,18.0,640.80
141,Jordain,Lawles,33.3,18.0,599.40
142,Doyle,Staden,28.6,18.0,514.80
143,Constantine,Groveham,27.9,18.0,502.20
144,Herve,Maddyson,39.3,18.0,707.40
145,Valeda,Eggins,29.6,18.0,532.80
146,Pat,Burger,34.7,18.0,624.60
147,Bronson,Enderby,37.6,18.0,676.80
148,Steve,Pfaffe,37.0,18.0,666.00
149,Sibeal,Fonquernie,36.8,18.0,662.40
150,Letitia,Dellar,33.1,18.0,595.80
151,Elsinore,Abramovic,30.3,18.0,545.40
152,Martita,D'Alessio,31.4,18.0,565.20
153,Penn,Leglise,34.9,18.0,628.20
154,Iver,Chown,35.0,18.0,630.00
155,Zara,Asquith,31.8,18.0,572.40
156,Auroora,Fereday,37.4,18.0,673.20
157,Orelle,Berends,32.0,18.0,576.00
158,Ford,Jardin,38.5,18.0,693.00
159,Abdul,Rodge,25.1,18.0,451.80
160,Sybil,Sebastian,25.2,18.0,453.60
161,Cynthia,Godbehere,32.5,18.0,585.00
162,Judith,Clearie,38.4,18.0,691.20
163,Tiler,Dannohl,37.8,18.0,680.40
164,Nadia,Domegan,35.3,18.0,635.40
165,Morty,Roz,38.2,18.0,687.60
166,Andris,Soppit,27.7,18.0,498.60
167,Morgana,Ferguson,34.9,18.0,628.20
168,Jeannie,Mashro,38.9,18.0,700.20
169,Gillie,Arr,37.4,18.0,673.20
170,Ches,Yanele,39.1,18.0,703.80
171,Petra,Albin,34.9,18.0,628.20
172,Giovanna,Dary,39.4,18.0,709.20
173,Jeffrey,Moreby,25.6,18.0,460.80
174,Matthaeus,Chaldecott,29.2,18.0,525.60
175,Shadow,Lippett,36.3,18.0,653.40
176,Coleen,Merriton,27.0,18.0,486.00
177,Charmane,Peffer,29.2,18.0,525.60
178,Bank,Rosini,30.7,18.0,552.60
179,Kathy,Antognetti,31.0,18.0,558.00
180,Merlina,Nelthorpe,32.0,18.0,576.00
181,Tomkin,Buckthought,34.9,18.0,628.20
182,Pat,Brunelli,38.1,18.0,685.80
183,Pippa,Adamiec,30.2,18.0,543.60
184,Riobard,Vasilmanov,27.6,18.0,496.80
185,Sheryl,Nitto,29.6,18.0,532.80
186,Gavrielle,Mundall,34.2,18.0,615.60
187,Darby,Beadel,28.6,18.0,514.80
188,Dale,Banton,29.4,18.0,529.20
189,Amalia,Ennor,36.4,18.0,655.20
190,Lorene,Jeduch,37.9,18.0,682.20
191,Phaedra,Andrieux,33.1,18.0,595.80
192,Tara,Blackah,30.2,18.0,543.60
193,Maddie,Laingmaid,31.0,18.0,558.00
194,Jimmy,Lodovichi,26.6,18.0,478.80
195,Christiane,Bantock,26.5,18.0,477.00
196,Danya,Bewicke,39.9,18.0,718.20
197,Jaquelyn,Shenfish,31.5,18.0,567.00
198,Marilyn,Ruddlesden,26.3,18.0,473.40
199,Gilda,Idwal Evans,25.8,18.0,464.40
200,Wells,Angless,39.0,18.0,702.00
201,Diannne,Brockest,25.1,18.0,451.80
202,Lyssa,Torra,35.6,18.0,640.80
203,Alexandros,Lampitt,28.8,18.0,518.40
204,Alika,Eighteen,36.4,18.0,655.20
205,Carrissa,Haking,35.0,18.0,630.00
206,Graig,Cartman,38.4,18.0,691.20
207,Jeanine,Andersch,35.1,18.0,631.80
208,Manfred,Deas,32.1,18.0,577.80
209,Bobbi,Puddle,34.2,18.0,615.60
210,Antonetta,Cammiemile,30.8,18.0,554.40
211,Kalil,Yeliashev,37.6,18.0,676.80
212,Emilia,Daens,30.4,18.0,547.20
213,Sebastiano,Alphege,25.4,18.0,457.20
214,Sylvester,Rugieri,39.8,18.0,716.40
215,Julita,Beardall,33.8,18.0,608.40
216,Aurel,Birtwell,33.5,18.0,603.00
217,Davis,Romney,36.4,18.0,655.20
218,Fleurette,Temperley,27.5,18.0,495.00
219,Henrik,Rapkins,28.6,18.0,514.80
220,Smitty,Nise,39.0,18.0,702.00
221,Fulton,Poznanski,36.4,18.0,655.20
222,Ricard,Rolfini,34.2,18.0,615.60
223,Clea,Kinny,25.2,18.0,453.60
224,Stanley,Poore,34.0,18.0,612.00
225,Walther,MacFarlane,38.0,18.0,684.00
226,Goldy,Kesterton,31.6,18.0,568.80
227,Rosemarie,Killoran,26.8,18.0,482.40
228,Amil,Rawcliff,32.6,18.0,586.80
229,Windham,Beteriss,25.5,18.0,459.00
230,Catarina,Lurner,39.0,18.0,702.00
231,Lauraine,Thorrington,37.2,18.0,669.60
232,Jodie,Janjic,29.9,18.0,538.20
233,Laureen,Dunphy,36.5,18.0,657.00
234,Caleb,Harower,39.9,18.0,718.20
235,Selma,Huggill,39.3,18.0,707.40
236,Larry,Headland,38.5,18.0,693.00
237,Susan,Swedeland,28.5,18.0,513.00
238,Mag,MacFarlan,36.4,18.0,655.20
239,Arda,Petrashov,35.9,18.0,646.20
240,Jo,Summerlad,30.3,18.0,545.40
241,Shirleen,Buckoke,28.4,18.0,511.20
242,Gerrilee,Dorian,37.0,18.0,666.00
243,Vivianna,Messham,32.8,18.0,590.40
244,Edgar,McCurdy,32.8,18.0,590.40
245,Bride,Gimblet,28.1,18.0,505.80
246,Mart,Bellay,26.8,18.0,482.40
247,Licha,Tarbatt,38.3,18.0,689.40
248,Loraine,Mickan,35.4,18.0,637.20
249,Fawne,Muckart,28.8,18.0,518.40
250,Lyssa,Yitzovitz,31.1,18.0,559.80
251,Lou,Taunton.,26.0,18.0,468.00
252,Ronda,Walklott,39.7,18.0,714.60
253,Jasmina,Cowgill,35.5,18.0,639.00
254,Reece,Pirie,34.8,18.0,626.40
255,Laureen,Sherar,35.3,18.0,635.40
256,Gillie,Yellep,33.4,18.0,601.20
257,Neale,Flockhart,39.2,18.0,705.60
258,Parrnell,Pawelek,30.7,18.0,552.60
259,Saudra,Dictus,28.6,18.0,514.80
260,Arly,McCathay,28.2,18.0,507.60
261,Vina,Rivlin,37.6,18.0,676.80
262,Cariotta,Carp,27.2,18.0,489.60
263,Bary,Ridett,31.9,18.0,574.20
264,Evanne,Pracy,37.8,18.0,680.40
265,Crawford,Loft,28.2,18.0,507.60
266,Minna,Dominiak,27.2,18.0,489.60
267,Cleveland,Channer,34.3,18.0,617.40
268,Leigh,Steenson,38.3,18.0,689.40
269,Carmine,Palle,38.4,18.0,691.20
270,Deina,Blabie,25.5,18.0,459.00
271,Lionel,Matthew,32.7,18.0,588.60
272,Lorry,Cuolahan,39.9,18.0,718.20
273,Truda,Fouldes,34.7,18.0,624.60
274,Ortensia,Fusco,29.9,18.0,538.20
275,Brandais,Rawle,28.0,18.0,504.00
276,Fern,Oulett,29.7,18.0,534.60
277,Ethe,Saiz,28.6,18.0,514.80
278,Kelsey,Tilson,33.4,18.0,601.20
279,Sascha,Foord,25.9,18.0,466.20
280,Ame,Mottley,29.5,18.0,531.00
281,Calypso,Greenrde,25.5,18.0,459.00
282,Robbi,Haselgrove,26.3,18.0,473.40
283,Tricia,Bowen,35.5,18.0,639.00
284,Launce,Ormonde,39.7,18.0,714.60
285,Audry,Polfer,38.0,18.0,684.00
286,Dene,Chattaway,30.9,18.0,556.20
287,Wallache,Barbery,36.6,18.0,658.80
288,Franni,Brunning,32.6,18.0,586.80
289,Louis,Kynvin,33.0,18.0,594.00
290,Kay,Annes,30.5,18.0,549.00
291,Ethelind,Backwell,31.5,18.0,567.00
292,Karita,Sygrove,27.1,18.0,487.80
293,Rory,Bainton,32.3,18.0,581.40
294,Laurie,Sherrott,36.3,18.0,653.40
295,Roxanna,Tuer,34.8,18.0,626.40
296,Neddie,Fulbrook,38.3,18.0,689.40
297,Arel,Tilmouth,25.7,18.0,462.60
298,Cello,Petrowsky,34.0,18.0,612.00
299,Herbie,Durrans,26.7,18.0,480.60
300,Lotte,McIlvenny,27.8,18.0,500.40
301,Susy,Grattan,39.6,18.0,712.80
302,Winni,Teissier,38.1,18.0,685.80
303,Lorens,Kalkhoven,29.6,18.0,532.80
304,Berta,Girodias,35.7,18.0,642.60
305,Daffie,Capinetti,26.8,18.0,482.40
306,Seana,Bevan,32.6,18.0,586.80
307,Mimi,Caunce,27.0,18.0,486.00
308,Arthur,Aldins,29.6,18.0,532.80
309,Dody,Leng,39.5,18.0,711.00
310,Hunt,Cleall,32.1,18.0,577.80
311,Dan,Warricker,33.8,18.0,608.40
312,Suzanna,Dunridge,35.6,18.0,640.80
313,Ernie,Fevers,37.8,18.0,680.40
314,Lesli,Moyler,27.1,18.0,487.80
315,Correy,Search,34.5,18.0,621.00
316,Tann,Thurman,33.1,18.0,595.80
317,Gale,Fayter,32.2,18.0,579.60
318,Tony,Stenet,30.0,18.0,540.00
319,Lishe,Loughan,31.2,18.0,561.60
320,Sidnee,Furmonger,36.0,18.0,648.00
321,Konrad,Slessor,29.9,18.0,538.20
322,Horatio,Blamires,39.8,18.0,716.40
323,Carola,McElvine,31.1,18.0,559.80
324,Adelaida,Feasey,29.6,18.0,532.80
325,Ulric,Hailston,37.6,18.0,676.80
326,Yancy,Fliege,34.2,18.0,615.60
327,Gilda,Ohlsen,25.6,18.0,460.80
328,Shelia,Storry,25.2,18.0,453.60
329,Barnard,Stather,27.9,18.0,502.20
330,Bess,Robertucci,39.5,18.0,711.00
331,Melonie,Swatton,30.7,18.0,552.60
332,Isadore,Hagley,26.0,18.0,468.00
333,Kati,Uzelli,30.4,18.0,547.20
334,Merry,Martyntsev,36.7,18.0,660.60
335,Patsy,McCague,33.9,18.0,610.20
336,Tiebout,Gorbell,27.1,18.0,487.80
337,Arnuad,Levet,32.2,18.0,579.60
338,Chloe,Godlee,32.5,18.0,585.00
339,Lou,Newlove,30.2,18.0,543.60
340,Irma,Fullerd,36.8,18.0,662.40
341,Rudyard,Challiner,26.5,18.0,477.00
342,Layne,Janicek,37.1,18.0,667.80
343,Mair,Wondraschek,28.1,18.0,505.80
344,Cloris,Fedder,38.8,18.0,698.40
345,Sorcha,Eddison,30.0,18.0,540.00
346,Linnie,Goshawk,28.9,18.0,520.20
347,Denna,Heims,28.3,18.0,509.40
348,Flory,Ortells,25.3,18.0,455.40
349,Dmitri,Loweth,27.8,18.0,500.40
350,Wenonah,Boffey,31.8,18.0,572.40
351,Gwendolin,Sargison,25.3,18.0,455.40
352,Melba,Rickertsen,34.1,18.0,613.80
353,Basile,Duckitt,31.4,18.0,565.20
354,Keen,Broadbent,32.1,18.0,577.80
355,Demetri,Hearson,37.8,18.0,680.40
356,Bili,Daens,31.2,18.0,561.60
357,Vanna,Newsham,32.7,18.0,588.60
358,Nadine,Neljes,30.1,18.0,541.80
359,Bartholomeo,Otley,39.2,18.0,705.60
360,Herbert,Hadigate,25.7,18.0,462.60
361,Wilbur,Levey,38.6,18.0,694.80
362,Delcina,Spriddle,26.3,18.0,473.40
363,Konstantine,McLise,32.7,18.0,588.60
364,Barty,Shailer,27.1,18.0,487.80
365,Hughie,De Coursey,34.4,18.0,619.20
366,Mora,Tilley,28.1,18.0,505.80
367,Bran,Simes,35.0,18.0,630.00
368,Cris,Josef,26.7,18.0,480.60
369,Judah,Hovey,25.1,18.0,451.80
370,Imojean,Swapp,29.7,18.0,534.60
371,Richy,Maplesden,30.9,18.0,556.20
372,Fernando,Corradino,25.5,18.0,459.00
373,Kaspar,Richmont,35.4,18.0,637.20
374,Krystyna,MacDougal,25.4,18.0,457.20
375,Mareah,Grief,38.7,18.0,696.60
376,Joane,Clohessy,36.1,18.0,649.80
377,Ingram,Wickins,25.9,18.0,466.20
378,Estelle,York,31.2,18.0,561.60
379,Kitti,Rothschild,32.6,18.0,586.80
380,Gavan,Menichillo,28.7,18.0,516.60
381,Sasha,Wigsell,38.0,18.0,684.00
382,Dacie,Nussey,28.6,18.0,514.80
383,Virgil,Whordley,34.0,18.0,612.00
384,Andee,Alps,30.2,18.0,543.60
385,Kiah,Shakespear,37.2,18.0,669.60
386,Juliana,Worsnup,26.3,18.0,473.40
387,Claudine,Wickardt,33.5,18.0,603.00
388,Cos,Cosgriff,38.4,18.0,691.20
389,Feliks,Barden,27.1,18.0,487.80
390,Linell,Beebe,30.9,18.0,556.20
391,Julee,Middleton,35.7,18.0,642.60
392,Janela,Bale,34.3,18.0,617.40
393,Barbi,Boltwood,26.9,18.0,484.20
394,Valentia,Smalman,33.2,18.0,597.60
395,Pat,Dudderidge,32.4,18.0,583.20
396,Gardner,Scottrell,32.5,18.0,585.00
397,Evita,Snelle,26.6,18.0,478.80
398,Eunice,Rosita,34.9,18.0,628.20
399,Trstram,Iannello,30.1,18.0,541.80
400,Annabela,Rickman,34.1,18.0,613.80
401,Micah,Doorbar,29.8,18.0,536.40
402,Diarmid,Marron,27.4,18.0,493.20
403,Daloris,Lorait,35.0,18.0,630.00
404,Ellene,Sidaway,27.6,18.0,496.80
405,Jesus,Pilpovic,26.9,18.0,484.20
406,Federica,Roja,26.7,18.0,480.60
407,Falito,Frayn,33.9,18.0,610.20
408,Tonnie,Simoncini,26.2,18.0,471.60
409,Roxanna,Joule,36.8,18.0,662.40
410,Ashley,Carillo,38.3,18.0,689.40
411,Bobby,Trevorrow,37.0,18.0,666.00
412,Nolie,Aleksandrov,34.0,18.0,612.00
413,Tuckie,Maryon,39.2,18.0,705.60
414,Sydney,Mowne,34.1,18.0,613.80
415,Miltie,Boshere,34.8,18.0,626.40
416,Olivie,Garwill,28.5,18.0,513.00
417,Juliet,Figgures,32.6,18.0,586.80
418,Earvin,Caldwell,34.4,18.0,619.20
419,Shell,Huerta,39.6,18.0,712.80
420,Gus,Dilliston,38.0,18.0,684.00
421,Kenon,Laval,36.8,18.0,662.40
422,Kitti,Tollfree,30.7,18.0,552.60
423,Carolus,Gunther,37.0,18.0,666.00
424,Britte,Scotts,31.2,18.0,561.60
425,Gwendolyn,Ende,39.8,18.0,716.40
426,Terry,Churches,33.2,18.0,597.60
427,Randa,Maloney,38.3,18.0,689.40
428,Valerie,Robertson,35.0,18.0,630.00
429,Alisander,Kenington,26.2,18.0,471.60
430,Magdalene,Clegg,33.9,18.0,610.20
431,Felisha,Bewsey,36.8,18.0,662.40
432,Gabey,Grigorio,27.2,18.0,489.60
433,Katha,Arunowicz,27.6,18.0,496.80
434,Zorina,Hallgalley,28.1,18.0,505.80
435,Krysta,Abbey,38.9,18.0,700.20
436,Mohammed,Halsted,31.3,18.0,563.40
437,Alexandros,Papez,28.8,18.0,518.40
438,Nathanil,Ferber,39.3,18.0,707.40
439,Roma,Saladin,27.1,18.0,487.80
440,Emili,Menaul,36.4,18.0,655.20
441,Hetty,Calbreath,34.6,18.0,622.80
442,Clare,Eberle,38.5,18.0,693.00
443,Arthur,Rogerot,33.8,18.0,608.40
444,Ive,Oliver-Paull,28.2,18.0,507.60
445,Rianon,Waldren,33.5,18.0,603.00
446,Karlen,Sykes,37.7,18.0,678.60
447,Jayme,Fantonetti,37.3,18.0,671.40
448,Rouvin,Lundberg,39.1,18.0,703.80
449,Norine,Perfili,33.8,18.0,608.40
450,Leela,Jerman,31.4,18.0,565.20
451,Katheryn,Neicho,26.1,18.0,469.80
452,Dennison,Lumb,30.1,18.0,541.80
453,Skipper,Ondrich,40.0,18.0,720.00
454,Sally,Valens-Smith,33.2,18.0,597.60
455,Alicia,Jewson,35.0,18.0,630.00
456,Rita,Oughton,29.7,18.0,534.60
457,Johna,Hamshere,30.3,18.0,545.40
458,Corissa,Govinlock,34.7,18.0,624.60
459,Hanna,McAuslene,33.8,18.0,608.40
460,Elisha,Simonaitis,31.6,18.0,568.80
461,Oliy,Pantry,30.4,18.0,547.20
462,Zora,Henner,35.0,18.0,630.00
463,Cathe,Wafer,34.0,18.0,612.00
464,Tybi,Raatz,39.3,18.0,707.40
465,Abram,Trinkwon,33.9,18.0,610.20
466,Letizia,Dowry,39.8,18.0,716.40
467,Helaine,De Rye Barrett,34.9,18.0,628.20
468,Cynthea,Giannazzi,38.6,18.0,694.80
469,Lorelei,Phette,37.8,18.0,680.40
470,Kippie,Pepye,33.1,18.0,595.80
471,Else,Bjerkan,38.4,18.0,691.20
472,Joyous,Purdy,32.3,18.0,581.40
473,Baxy,Muat,37.2,18.0,669.60
474,Darren,Willows,31.3,18.0,563.40
475,Burlie,Bigmore,39.6,18.0,712.80
476,Lurlene,Durdy,30.8,18.0,554.40
477,Mata,Flannery,38.4,18.0,691.20
478,Marshal,Eede,29.8,18.0,536.40
479,Tasia,Gration,25.4,18.0,457.20
480,Job,Estable,32.6,18.0,586.80
481,Verney,Figura,32.6,18.0,586.80
482,Reginauld,Bucklan,36.7,18.0,660.60
483,Teodoor,Sinderland,34.4,18.0,619.20
484,Asher,Gamet,38.6,18.0,694.80
485,Jamal,Waker,28.9,18.0,520.20
486,Danyette,McLenahan,31.0,18.0,558.00
487,Pooh,Hayball,32.6,18.0,586.80
488,Charmain,Seelbach,30.3,18.0,545.40
489,Eden,Daddow,29.4,18.0,529.20
490,Paloma,Trineman,29.8,18.0,536.40
491,Freida,Pocke,37.2,18.0,669.60
492,Hart,Clapp,25.8,18.0,464.40
493,Glenda,Wimpenny,28.5,18.0,513.00
494,Giacopo,Gallemore,31.1,18.0,559.80
495,Zachery,Herculeson,31.2,18.0,561.60
496,Judye,Escoffrey,38.7,18.0,696.60
497,Valma,Kenefick,27.4,18.0,493.20
498,Eryn,Plumb,34.1,18.0,613.80
499,Jane,Longhorn,34.0,18.0,612.00
500,Manuel,Macilhench,39.6,18.0,712.80
501,Jacquie,Ruthven,38.7,18.0,696.60
502,Barbabra,Hammant,34.8,18.0,626.40
503,Liana,People,37.4,18.0,673.20
504,Broderick,Hatwells,29.1,18.0,523.80
505,Glori,Abbett,37.2,18.0,669.60
506,Marietta,Fairey,29.7,18.0,534.60
507,Gallard,Duckering,31.0,18.0,558.00
508,Fallon,Labes,33.2,18.0,597.60
509,Lutero,Babalola,27.5,18.0,495.00
510,Glen,Keppin,34.0,18.0,612.00
511,Garreth,Dolton,37.3,18.0,671.40
512,Tymon,Curneen,31.3,18.0,563.40
513,Norah,McCreadie,37.8,18.0,680.40
514,Isadore,Fairfull,29.4,18.0,529.20
515,Lenka,Nicolls,28.6,18.0,514.80
516,Marybelle,Spurett,32.6,18.0,586.80
517,Estele,Rusbridge,27.9,18.0,502.20
518,Hayley,Woollons,25.2,18.0,453.60
519,Addia,Hencke,39.2,18.0,705.60
520,Catlee,Gerrans,35.7,18.0,642.60
521,Francoise,Hanselman,37.3,18.0,671.40
522,Rodney,Jacobsohn,29.0,18.0,522.00
523,Fayina,Crambie,29.4,18.0,529.20
524,Marius,Causby,38.1,18.0,685.80
525,Ernesta,Jeannard,28.1,18.0,505.80
526,Lalo,Plumbley,34.2,18.0,615.60
527,Hartley,Kidwell,29.2,18.0,525.60
528,Katherine,Couchman,27.8,18.0,500.40
529,Christean,Cano,40.0,18.0,720.00
530,Allin,Cathesyed,35.5,18.0,639.00
531,Kip,Monini,34.8,18.0,626.40
532,Robinson,Faivre,38.1,18.0,685.80
533,Lorant,Pelos,35.3,18.0,635.40
534,Adriena,Moyle,36.4,18.0,655.20
535,Carson,Ramelot,36.8,18.0,662.40
536,Jandy,Pontefract,32.3,18.0,581.40
537,Correy,Merwe,26.0,18.0,468.00
538,Vinnie,Stroobant,26.8,18.0,482.40
539,Nollie,Pedwell,26.0,18.0,468.00
540,Roderich,Snedker,33.3,18.0,599.40
541,Nerta,Buckhurst,33.1,18.0,595.80
542,Viole,Caveill,32.2,18.0,579.60
543,Tressa,Bayfield,33.6,18.0,604.80
544,Court,Bullerwell,26.6,18.0,478.80
545,Humbert,Kettridge,39.6,18.0,712.80
546,Lorelei,Dutton,31.2,18.0,561.60
547,Hersch,Pudden,34.7,18.0,624.60
548,Priscilla,Amos,39.3,18.0,707.40
549,Maureen,Blockley,37.1,18.0,667.80
550,Arty,Gorgen,34.1,18.0,613.80
551,Edy,Pynner,31.0,18.0,558.00
552,Elwood,Orrice,28.7,18.0,516.60
553,Lisbeth,Abbes,31.0,18.0,558.00
554,Wolf,Blowin,35.4,18.0,637.20
555,Debera,Eakley,33.2,18.0,597.60
556,Ezequiel,Mattosoff,31.5,18.0,567.00
557,Abdul,Martinat,26.2,18.0,471.60
558,Joelle,Glaister,34.8,18.0,626.40
559,Ewan,Vasishchev,29.9,18.0,538.20
560,Ashley,McMarquis,37.6,18.0,676.80
561,Cate,Impson,35.1,18.0,631.80
562,Wallie,O'Garmen,28.7,18.0,516.60
563,Gates,Firmin,39.7,18.0,714.60
564,Courtney,Broader,25.3,18.0,455.40
565,Lynnett,Wotton,29.2,18.0,525.60
566,Morton,Sanford,37.5,18.0,675.00
567,Hally,Whyffen,33.9,18.0,610.20
568,Raymond,Marrable,34.3,18.0,617.40
569,Cordie,Chapellow,35.8,18.0,644.40
570,Alane,McCerery,26.1,18.0,469.80
571,Johna,Truwert,32.5,18.0,585.00
572,Monroe,Kienzle,28.5,18.0,513.00
573,Donnamarie,Stave,39.3,18.0,707.40
574,Crawford,Slowcock,38.3,18.0,689.40
575,Herby,Frye,33.2,18.0,597.60
576,Donnajean,Horsewood,38.4,18.0,691.20
577,Conrad,Gould,26.7,18.0,480.60
578,Molly,Anstiss,31.3,18.0,563.40
579,Boot,Tollow,35.5,18.0,639.00
580,Patrick,Iddison,35.2,18.0,633.60
581,Mina,Yonge,32.3,18.0,581.40
582,Jaine,Brame,37.4,18.0,673.20
583,Doris,Lansdale,27.3,18.0,491.40
584,Ambrosio,Restill,31.3,18.0,563.40
585,Ardis,Dulany,30.7,18.0,552.60
586,Kara,Doyley,39.7,18.0,714.60
587,Arlen,O'Rowane,25.5,18.0,459.00
588,Judas,Hoodspeth,31.3,18.0,563.40
589,Davidson,Delacourt,29.5,18.0,531.00
590,Delmor,Brand,38.3,18.0,689.40
591,Elijah,Kubecka,29.5,18.0,531.00
592,Delbert,Palfreyman,33.4,18.0,601.20
593,Henrik,Kimber,26.0,18.0,468.00
594,Guinevere,Atteridge,38.2,18.0,687.60
595,Claribel,Waterland,34.8,18.0,626.40
596,Galina,Teggart,36.7,18.0,660.60
597,Victoir,McGenn,38.7,18.0,696.60
598,Baudoin,Juris,27.7,18.0,498.60
599,Madelle,Openshaw,27.5,18.0,495.00
600,Othilia,Ratledge,31.6,18.0,568.80
601,Kristo,Furzer,28.6,18.0,514.80
602,Vachel,Sonnenschein,34.5,18.0,621.00
603,Adora,Glader,29.5,18.0,531.00
604,Creighton,Wilsdon,30.0,18.0,540.00
605,Melodie,Ivamy,31.8,18.0,572.40
606,Florance,Sainer,35.1,18.0,631.80
607,Keane,Crecy,27.4,18.0,493.20
608,Collette,Skade,25.0,18.0,450.00
609,Lin,Wraith,34.9,18.0,628.20
610,Annabell,Lillistone,29.9,18.0,538.20
611,Xerxes,Elner,37.3,18.0,671.40
612,Rudolf,Capini,28.1,18.0,505.80
613,Lydia,Umbert,29.7,18.0,534.60
614,Clarabelle,Jedrzejczyk,33.5,18.0,603.00
615,Geordie,Piffe,38.8,18.0,698.40
616,Lynnea,Parres,32.3,18.0,581.40
617,Dorolisa,Kikke,31.7,18.0,570.60
618,Amaleta,Bicksteth,29.4,18.0,529.20
619,Kearney,Spraggon,28.6,18.0,514.80
620,Norine,Box,39.7,18.0,714.60
621,Giulio,Spreckley,35.2,18.0,633.60
622,Isabel,Tinner,36.6,18.0,658.80
623,Cornie,Cutmare,36.5,18.0,657.00
624,Aurilia,Attrill,27.5,18.0,495.00
625,Robena,Sowthcote,25.7,18.0,462.60
626,Tod,Radki,39.5,18.0,711.00
627,Cristabel,Chaise,30.7,18.0,552.60
628,Nora,Gannicott,31.6,18.0,568.80
629,Anatollo,Hane,38.7,18.0,696.60
630,Magda,Stailey,29.6,18.0,532.80
631,Johann,Solway,36.4,18.0,655.20
632,Lilyan,Stagge,35.6,18.0,640.80
633,Aida,Bonass,30.3,18.0,545.40
634,Keslie,Binton,27.0,18.0,486.00
635,Cristiano,Wardhaugh,31.5,18.0,567.00
636,Felisha,Abbys,35.0,18.0,630.00
637,Gabriela,Lewer,34.9,18.0,628.20
638,Kalie,Cobbald,32.4,18.0,583.20
639,Lorry,Schiementz,31.9,18.0,574.20
640,Alexandra,Gabe,35.5,18.0,639.00
641,Vanna,Cuthbert,31.0,18.0,558.00
642,Cal,McAdam,27.8,18.0,500.40
643,Viola,Darrigrand,34.1,18.0,613.80
644,Alleen,Flewin,35.5,18.0,639.00
645,Riccardo,Aronstein,28.0,18.0,504.00
646,Kimmie,Connichie,26.1,18.0,469.80
647,Bogey,Courtin,36.4,18.0,655.20
648,Tyler,Clears,37.0,18.0,666.00
649,Nance,Deery,25.5,18.0,459.00
650,Ailsun,McCoughan,30.9,18.0,556.20
651,Stafani,Dreghorn,34.3,18.0,617.40
652,Benoit,Rebeiro,33.5,18.0,603.00
653,Yetta,Rosenzveig,35.0,18.0,630.00
654,Tybalt,Petrozzi,30.9,18.0,556.20
655,Hayden,Tamblyn,33.2,18.0,597.60
656,Daile,Presdee,39.1,18.0,703.80
657,Chery,Hurche,31.9,18.0,574.20
658,Haley,Somerton,27.0,18.0,486.00
659,Livy,Beneze,31.9,18.0,574.20
660,Benedikt,O'Doohaine,31.5,18.0,567.00
661,Dev,Plampin,29.8,18.0,536.40
662,Karel,Saylor,31.3,18.0,563.40
663,Renie,Bethune,28.6,18.0,514.80
664,Teddy,Breacher,36.2,18.0,651.60
665,Niel,Bartlomieczak,34.3,18.0,617.40
666,Timotheus,Bremeyer,30.2,18.0,543.60
667,Creight,Bitten,31.5,18.0,567.00
668,Saunder,Clackers,38.3,18.0,689.40
669,Connor,Meth,25.4,18.0,457.20
670,Mart,Dominichetti,36.9,18.0,664.20
671,Harris,Honatsch,34.1,18.0,613.80
672,Helaine,Mack,30.1,18.0,541.80
673,Tanney,Tuffell,39.8,18.0,716.40
674,Patrizia,Gladwish,25.9,18.0,466.20
675,Carrie,O'Lenechan,35.6,18.0,640.80
676,Sargent,Munnery,33.8,18.0,608.40
677,Shelly,Leftly,25.1,18.0,451.80
678,Toma,Ravillas,31.3,18.0,563.40
679,Parrnell,Chaney,31.8,18.0,572.40
680,Vere,Hulance,27.9,18.0,502.20
681,Arlette,Sear,38.8,18.0,698.40
682,Leon,Dran,26.1,18.0,469.80
683,Eziechiele,Snalum,37.6,18.0,676.80
684,Lindsey,Ropars,34.8,18.0,626.40
685,Christean,Willey,36.9,18.0,664.20
686,Tuckie,Micklewright,39.2,18.0,705.60
687,Noelle,Whiston,33.2,18.0,597.60
688,Bard,Alyoshin,38.8,18.0,698.40
689,Althea,Watts,26.0,18.0,468.00
690,Georges,Simounet,27.8,18.0,500.40
691,Ives,Atkins,35.1,18.0,631.80
692,Emmy,Peetermann,35.0,18.0,630.00
693,Flo,Barley,28.7,18.0,516.60
694,Odessa,Krzyzowski,29.2,18.0,525.60
695,Lynda,Mateev,25.4,18.0,457.20
696,Marlene,Feavearyear,31.6,18.0,568.80
697,Theodora,Petrasch,26.8,18.0,482.40
698,Quintina,Doldon,33.4,18.0,601.20
699,Sibley,Sapsed,32.3,18.0,581.40
700,Burnard,Ianne,28.7,18.0,516.60
701,Ado,Christy,37.5,18.0,675.00
702,Jori,Slateford,30.3,18.0,545.40
703,Leonora,Gallagher,25.3,18.0,455.40
704,Mychal,Bechley,26.8,18.0,482.40
705,Mead,Thiese,31.1,18.0,559.80
706,Alaster,Roffey,25.4,18.0,457.20
707,Nevil,Buckle,28.6,18.0,514.80
708,Uta,Longhi,26.0,18.0,468.00
709,Grenville,Cabral,30.4,18.0,547.20
710,Nat,Coarser,26.5,18.0,477.00
711,Stephani,Chinge de Hals,33.2,18.0,597.60
712,Galina,Rubinowitch,26.1,18.0,469.80
713,Chucho,Cracie,37.8,18.0,680.40
714,Willie,Kilbourn,28.4,18.0,511.20
715,Jena,De Gouy,35.1,18.0,631.80
716,Augusto,Lowrie,26.6,18.0,478.80
717,Revkah,Kingstne,28.3,18.0,509.40
718,Augustin,MacInherney,35.9,18.0,646.20
719,Binni,Abilowitz,31.9,18.0,574.20
720,Jedidiah,Grayling,26.8,18.0,482.40
721,Florie,Goudy,30.9,18.0,556.20
722,Aimee,Jado,31.5,18.0,567.00
723,Becky,Janecki,30.5,18.0,549.00
724,Ericka,Wallbanks,38.7,18.0,696.60
725,Dalila,Hazeldean,38.9,18.0,700.20
726,Laurie,Houndsom,27.9,18.0,502.20
727,Coleen,Bloy,39.2,18.0,705.60
728,Sara-ann,Hattiff,27.2,18.0,489.60
729,Nelli,Biford,34.0,18.0,612.00
730,Ekaterina,Barnett,26.0,18.0,468.00
731,Tamara,Skalls,29.4,18.0,529.20
732,Cristina,Giorgetti,28.3,18.0,509.40
733,Yankee,Inkpen,39.6,18.0,712.80
734,Stacia,Beggs,34.9,18.0,628.20
735,Marcelia,Ackeroyd,35.8,18.0,644.40
736,Clemens,Skunes,33.5,18.0,603.00
737,Joellyn,Moors,32.9,18.0,592.20
738,Goldina,Hurran,25.5,18.0,459.00
739,Winna,Keys,26.3,18.0,473.40
740,Rubie,Laba,27.3,18.0,491.40
741,Morton,Kyteley,34.5,18.0,621.00
742,Harold,Tumber,28.5,18.0,513.00
743,Nina,Ortzen,29.9,18.0,538.20
744,Barry,Grzeszczak,32.0,18.0,576.00
745,Modestia,Lanfranchi,35.1,18.0,631.80
746,Enoch,Goodday,30.4,18.0,547.20
747,Henka,Duligal,31.1,18.0,559.80
748,Warner,Curnok,28.4,18.0,511.20
749,Chery,Abley,38.2,18.0,687.60
750,Kaylee,Rainville,36.9,18.0,664.20
751,Errick,Moxon,40.0,18.0,720.00
752,Baird,Tomaini,39.9,18.0,718.20
753,Adamo,Robjohns,35.9,18.0,646.20
754,Lalo,Crewther,38.4,18.0,691.20
755,Dario,Henrych,36.2,18.0,651.60
756,Hazel,Shatford,27.0,18.0,486.00
757,Karlik,Cheer,38.6,18.0,694.80
758,Kyla,Futty,29.8,18.0,536.40
759,Glen,Deedes,28.8,18.0,518.40
760,Godart,Shaylor,30.0,18.0,540.00
761,Wanda,Rodrigues,35.6,18.0,640.80
762,Shannah,Correa,29.7,18.0,534.60
763,Nicholle,Thomassen,39.8,18.0,716.40
764,Lizette,Antonat,29.8,18.0,536.40
765,Lydon,Whardley,25.3,18.0,455.40
766,Meara,Bratcher,32.3,18.0,581.40
767,Jard,Conkay,38.1,18.0,685.80
768,Sonnie,Gunther,34.6,18.0,622.80
769,Charles,Scrafton,26.6,18.0,478.80
770,Creigh,Dudny,37.3,18.0,671.40
771,Chelsea,Pettipher,27.3,18.0,491.40
772,Manda,Dungate,33.2,18.0,597.60
773,Talya,Parfett,39.8,18.0,716.40
774,Barney,Kloss,29.1,18.0,523.80
775,Averil,Lappine,36.6,18.0,658.80
776,Viviyan,Rowbury,38.5,18.0,693.00
777,Gonzales,Lockie,37.7,18.0,678.60
778,Gaultiero,Peet,37.0,18.0,666.00
779,Aurelie,Skamal,39.0,18.0,702.00
780,Kelcy,Talby,31.8,18.0,572.40
781,Reggis,Covendon,38.3,18.0,689.40
782,Chauncey,Tolchar,33.4,18.0,601.20
783,Padraic,Faulconer,25.3,18.0,455.40
784,Tabina,Degenhardt,30.8,18.0,554.40
785,Salomo,Corbert,26.9,18.0,484.20
786,Tybi,Machen,33.3,18.0,599.40
787,Barret,Beekmann,27.3,18.0,491.40
788,Rocky,Aulton,32.2,18.0,579.60
789,Reina,Pestell,28.9,18.0,520.20
790,Frederica,Maypole,36.0,18.0,648.00
791,Agna,Pechold,26.6,18.0,478.80
792,Levin,Scutt,28.3,18.0,509.40
793,Karlene,Fernando,38.7,18.0,696.60
794,Sallyann,Matchett,25.2,18.0,453.60
795,Raquela,Moors,35.8,18.0,644.40
796,Umeko,Srutton,32.4,18.0,583.20
797,Merle,Ackhurst,26.7,18.0,480.60
798,Kipp,Carnock,26.4,18.0,475.20
799,Shae,Ollerearnshaw,39.9,18.0,718.20
800,Sebastien,Elesander,28.5,18.0,513.00
801,Prentice,Blundel,26.3,18.0,473.40
802,Ethelred,Pepperill,27.8,18.0,500.40
803,Myron,Linnett,26.7,18.0,480.60
804,Bettine,Bleeze,27.8,18.0,500.40
805,Sarene,Ferrers,25.5,18.0,459.00
806,Hali,Elsby,33.5,18.0,603.00
807,Nicolis,McCusker,31.3,18.0,563.40
808,Arne,Coventon,27.2,18.0,489.60
809,Currie,Cutford,39.0,18.0,702.00
810,Shep,Noriega,29.4,18.0,529.20
811,Devland,Patman,37.0,18.0,666.00
812,Mychal,Hess,36.7,18.0,660.60
813,Sarajane,Crates,25.1,18.0,451.80
814,Baxie,Skures,26.7,18.0,480.60
815,Rosalia,Bezant,39.4,18.0,709.20
816,Bernadine,Mainds,29.4,18.0,529.20
817,Vernice,Decayette,33.7,18.0,606.60
818,Brandise,Cunradi,39.7,18.0,714.60
819,Aylmar,Sonschein,26.2,18.0,471.60
820,Leesa,Khidr,28.1,18.0,505.80
821,Dov,Draco,39.9,18.0,718.20
822,Granger,McClure,31.2,18.0,561.60
823,Oliy,Chauvey,39.4,18.0,709.20
824,Eleonore,Epsley,39.8,18.0,716.40
825,Lynett,Hawkett,33.6,18.0,604.80
826,Sonnie,Cooley,28.2,18.0,507.60
827,Teador,Addlestone,30.3,18.0,545.40
828,Ediva,Doles,29.5,18.0,531.00
829,Olivette,Toffoloni,37.1,18.0,667.80
830,Giustina,Niblo,30.8,18.0,554.40
831,Meredith,Huff,38.3,18.0,689.40
832,Marcelo,O'Ferris,29.8,18.0,536.40
833,Marti,Dilks,35.0,18.0,630.00
834,Bethena,Hayley,33.6,18.0,604.80
835,Clem,Elsegood,29.3,18.0,527.40
836,Rosetta,Lavin,33.2,18.0,597.60
837,Cornie,Rubens,25.2,18.0,453.60
838,Theobald,Daout,30.9,18.0,556.20
839,Katerina,De Ruggero,26.5,18.0,477.00
840,Loraine,Rowcliffe,37.7,18.0,678.60
841,Valentijn,Pero,32.9,18.0,592.20
842,Cyrill,Seeger,29.8,18.0,536.40
843,Gustavo,Celli,34.3,18.0,617.40
844,Claudius,Pudge,32.3,18.0,581.40
845,Pepillo,Yanson,27.8,18.0,500.40
846,Vannie,Syversen,25.2,18.0,453.60
852,Jo,Vasilic,40.0,18.0,720.00
853,Renelle,Della,33.3,18.0,599.40
854,Dudley,Jarrell,31.7,18.0,570.60
855,Melodee,Saffen,28.2,18.0,507.60
856,Frayda,Hofner,33.4,18.0,601.20
857,Erma,Orrobin,36.5,18.0,657.00
858,Franciskus,Gilkes,30.9,18.0,556.20
859,Filip,Hawkridge,27.8,18.0,500.40
860,Flory,Kipping,34.6,18.0,622.80
861,Timofei,Wardel,28.4,18.0,511.20
862,Alice,Todhunter,36.3,18.0,653.40
863,Madelena,McEwan,33.7,18.0,606.60
864,Mick,Huffa,38.2,18.0,687.60
865,Bendix,Whatford,25.7,18.0,462.60
866,Brock,Grabeham,38.6,18.0,694.80
867,Lorilee,Quilliam,34.4,18.0,619.20
868,Karolina,Labb,38.1,18.0,685.80
869,Loni,Percifull,34.1,18.0,613.80
870,Flory,Crush,32.3,18.0,581.40
871,Farrel,Clampe,33.5,18.0,603.00
872,Sigismondo,Tabourier,34.6,18.0,622.80
873,Rustin,Carefull,34.0,18.0,612.00
874,Lara,Oliphard,39.7,18.0,714.60
875,Mareah,Stapleford,27.6,18.0,496.80
876,Franklin,Garlee,28.8,18.0,518.40
877,Evvie,Valiant,30.1,18.0,541.80
878,Averil,Ewbanke,27.7,18.0,498.60
879,Tanny,Hughesdon,31.0,18.0,558.00
880,Marijn,Arnould,29.0,18.0,522.00
881,Vilhelmina,Zahor,32.0,18.0,576.00
882,Ray,Muckloe,34.6,18.0,622.80
883,Paulina,Outhwaite,37.8,18.0,680.40
884,Fergus,Dand,39.8,18.0,716.40
885,Tadeo,Roalfe,29.0,18.0,522.00
886,Claudette,Pahl,26.9,18.0,484.20
887,Kip,Petto,35.0,18.0,630.00
888,Tabbi,Whitlam,33.2,18.0,597.60
889,Demetris,Stedman,35.5,18.0,639.00
890,Kristal,Roches,37.1,18.0,667.80
891,Kanya,Skettles,36.3,18.0,653.40
892,Yvon,Iddins,25.7,18.0,462.60
893,Bird,Shergold,33.6,18.0,604.80
894,Kincaid,Pauwel,37.4,18.0,673.20
895,Joelynn,Lindl,32.5,18.0,585.00
896,Hersh,Eixenberger,28.2,18.0,507.60
897,Alvie,Mackett,35.0,18.0,630.00
898,Anderson,Pinwell,30.9,18.0,556.20
899,Akim,Munks,25.1,18.0,451.80
900,Priscilla,Aronowitz,32.7,18.0,588.60
901,Maegan,Snoddin,35.0,18.0,630.00
902,Selena,Wrennall,32.2,18.0,579.60
903,Gerome,Scurrah,39.7,18.0,714.60
904,Vilhelmina,Riseam,26.1,18.0,469.80
905,Jean,Tomaini,37.9,18.0,682.20
906,Jarrid,Wycliffe,38.1,18.0,685.80
907,Timmy,Edlin,33.0,18.0,594.00
908,Korrie,Freebury,36.9,18.0,664.20
909,Jennette,Veal,34.1,18.0,613.80
910,Ruy,Cogan,31.0,18.0,558.00
911,Mimi,Clemendot,27.9,18.0,502.20
912,Abby,Whiffin,36.6,18.0,658.80
913,Dacey,Ridolfo,33.0,18.0,594.00
914,Forster,Legat,32.2,18.0,579.60
915,Omero,Jaskowicz,34.1,18.0,613.80
916,Francesca,Prisk,25.3,18.0,455.40
917,Rene,De Pietri,38.8,18.0,698.40
918,Rosina,LAbbet,32.5,18.0,585.00
919,Rebeka,O'Tierney,36.5,18.0,657.00
920,See,Pighills,39.1,18.0,703.80
921,Eula,Whitelock,39.2,18.0,705.60
922,Tod,Brabyn,37.6,18.0,676.80
923,Elwira,Croyser,37.8,18.0,680.40
924,Rowena,Whitehurst,33.4,18.0,601.20
925,Bliss,Ceely,31.1,18.0,559.80
926,Zacharias,Gounod,36.7,18.0,660.60
927,Nickie,Fernant,35.3,18.0,635.40
928,Adolpho,Yarker,30.2,18.0,543.60
929,Janis,Kaemena,25.9,18.0,466.20
930,Rollin,Potbury,26.9,18.0,484.20
931,Zelda,Milthorpe,31.6,18.0,568.80
932,Quinton,Schober,27.5,18.0,495.00
933,Candice,Wison,34.7,18.0,624.60
934,Dan,Thing,36.7,18.0,660.60
935,Saw,Lamyman,29.1,18.0,523.80
936,Nikki,Caslake,29.7,18.0,534.60
937,Edmon,Kilcullen,30.0,18.0,540.00
938,Leoine,Cheshire,25.5,18.0,459.00
939,Wolf,Purslow,33.8,18.0,608.40
940,April,Le Floch,35.3,18.0,635.40
941,Alva,Ronan,34.7,18.0,624.60
942,Ario,Vagges,28.1,18.0,505.80
943,Cele,Moreno,32.9,18.0,592.20
944,Jyoti,Wilgar,34.9,18.0,628.20
945,Brice,De Cristofalo,38.7,18.0,696.60
946,Boony,Fairbourne,34.7,18.0,624.60
947,Alanson,McClaurie,34.3,18.0,617.40
948,Joey,Branford,36.8,18.0,662.40
949,Krissie,Pohls,38.0,18.0,684.00
950,Pierrette,Boagey,32.4,18.0,583.20
951,Des,Widger,26.3,18.0,473.40
952,Stefano,Pasquale,28.3,18.0,509.40
953,Jerrie,Peskett,28.2,18.0,507.60
954,Forest,Plumptre,28.7,18.0,516.60
955,Bentley,Balogh,36.8,18.0,662.40
956,Ron,Ulster,35.7,18.0,642.60
957,Fredrick,Eland,28.8,18.0,518.40
958,Nappy,Powton,38.6,18.0,694.80
959,Coop,Vlach,32.1,18.0,577.80
960,Tara,Siddall,26.3,18.0,473.40
961,Glynnis,Pedri,28.3,18.0,509.40
962,Phyllis,De Malchar,27.9,18.0,502.20
963,Willie,Grissett,33.6,18.0,604.80
964,Barbabas,Boylund,25.0,18.0,450.00
965,Ardys,Beckford,31.0,18.0,558.00
966,Carmela,Riddich,35.8,18.0,644.40
967,Cherri,Matuszewski,37.2,18.0,669.60
968,Loree,Antill,37.4,18.0,673.20
969,Bibi,Elie,26.4,18.0,475.20
970,Harriot,Sehorsch,36.4,18.0,655.20
971,Josh,Perrinchief,34.1,18.0,613.80
972,Vasili,Drewitt,39.3,18.0,707.40
973,Jonah,Crompton,29.1,18.0,523.80
974,Claudianus,McCully,25.8,18.0,464.40
975,Donnajean,Ratt,28.8,18.0,518.40
976,Stacee,Branchflower,27.9,18.0,502.20
977,Vite,Bushen,34.8,18.0,626.40
978,Kizzie,Lecount,28.0,18.0,504.00
979,Donnie,Vannuchi,31.0,18.0,558.00
980,Bellanca,Marzelo,30.2,18.0,543.60
981,Antonin,Maxsted,34.6,18.0,622.80
982,Ilyssa,Jaycox,39.7,18.0,714.60
983,Claus,L' Anglois,39.8,18.0,716.40
984,Pete,Parmeter,29.6,18.0,532.80
985,Robbie,Ledrun,34.9,18.0,628.20
986,Astrix,Lawrey,32.7,18.0,588.60
987,Maurise,Llewellen,31.3,18.0,563.40
988,Antoine,Joyce,34.8,18.0,626.40
989,Dallon,Wonham,29.7,18.0,534.60
990,Robyn,Ausiello,27.0,18.0,486.00
991,Legra,Abbison,30.6,18.0,550.80
992,Jillene,Spellicy,26.6,18.0,478.80
993,Shem,Vittery,25.4,18.0,457.20
994,Brad,Charlesworth,31.5,18.0,567.00
995,Dickie,Dreinan,36.5,18.0,657.00
996,Biron,Vedstra,33.8,18.0,608.40
997,Kevan,Fenimore,36.0,18.0,648.00
998,Celestyna,Sackes,36.0,18.0,648.00
999,Christin,Hurlston,36.9,18.0,664.20
1000,Jeniffer,Thyer,38.4,18.0,691.20
